Workbook

Sheet Instructions
A1: Goaldenway x The Boat House — 30-Day IG Campaign Tracker
A3: Purpose
A4: Operational tracker for the 7-day hook/format test (boss on vacation) that rolls into the 30-day Instagram campaign for The Boat House, Cape Coral. Fill in the yellow/blue cells daily; everything else is a formula that updates itself.
A6: How to use this workbook
A7: 1. Before posting: on the 'Daily Log' tab, confirm the day's Format and Hook ID (Days 1-3 are pre-set from the brief; Days 4-30 are yours to fill as you rotate/pivot).
A8: 2. Write the caption using CAPTIONS.md / CONTENT_CALENDAR.md (hook + service line + CTA) and post at the planned time.
A9: 3. 24 hours later: fill in Views, Watch Time %, Drop-off %, Likes, Saves, Shares, DMs, Comments, DM response time, and screenshot the Insights screen (per the brief's checklist).
A10: 4. The 'Hook Bank' tab auto-aggregates performance per hook. The 'Format Comparison' tab auto-aggregates performance per format (A/B/C).
A11: 5. On Day 6-7, check 'Format Comparison' and 'Hook Bank' to decide the Day 7 repeat post and the Week 2+ plan.
A12: 6. When your boss is back, open 'Boss Presentation Summary' — it pulls the real numbers into the pitch template from the brief.
A14: Legend
A15: Yellow fill: Cell you fill in after checking Instagram Insights (real performance data).
... A24: - Days 8-30 are left blank by design (Week 2+ strategy in the brief explicitly depends on which format/hooks win in Days 1-7 — don't pre-fill a guess).

Sheet Hook Bank
A1: Hook ID | B1: Type | C1: Hook Text | D1: Times Used | E1: Total Views | F1: Avg Watch Time % | G1: Total Saves | H1: Total DMs | I1: Repeatable? (auto-suggested)
A2: V1 | B2: Value | C2: Neglect costs money. This boat sat for months, which means oxidation, mold, saltwater damage. One detail later? Ready to sell or rent. That's preservation. | D2: =COUNTIF('Daily Log'!$D$2:$D$31,$A2) -> 1 | E2: =SUMIF('Daily Log'!$D$2:$D$31,$A2,'Daily Log'!$F$2:$F$31) -> 0 | F2: =IFERROR(AVERAGEIF('Daily Log'!$D$2:$D$31,$A2,'Daily Log'!$G$2:$G$31),"") | G2: =SUMIF('Daily Log'!$D$2:$D$31,$A2,'Daily Log'!$J$2:$J$31) -> 0 | H2: =SUMIF('Daily Log'!$D$2:$D$31,$A2,'Daily Log'!$L$2:$L$31) -> 0 | I2: =IF(D2=0,"Not tested yet",IF(H2>=2,"KEEPER",IF(H2>=1,"Watch","Retest / cut"))) -> Retest / cut
A3: V2 | B3: Value | C3: Your boat's value drops 10% per month of neglect. Cleaning and detailing isn't vanity — it's protecting your investment. | D3: =COUNTIF('Daily Log'!$D$2:$D$31,$A3) -> 0 | E3: =SUMIF('Daily Log'!$D$2:$D$31,$A3,'Daily Log'!$F$2:$F$31) -> 0 | F3: =IFERROR(AVERAGEIF('Daily Log'!$D$2:$D$31,$A3,'Daily Log'!$G$2:$G$31),"") | G3: =SUMIF('Daily Log'!$D$2:$D$31,$A3,'Daily Log'!$J$2:$J$31) -> 0 | H3: =SUMIF('Daily Log'!$D$2:$D$31,$A3,'Daily Log'!$L$2:$L$31) -> 0 | I3: =IF(D3=0,"Not tested yet",IF(H3>=2,"KEEPER",IF(H3>=1,"Watch","Retest / cut"))) -> Not tested yet
A4: V3 | B4: Value | C4: Regular detailing = longer boat life. Saltwater + sun = deterioration. We stop that. | D4: =COUNTIF('Daily Log'!$D$2:$D$31,$A4) -> 0 | E4: =SUMIF('Daily Log'!$D$2:$D$31,$A4,'Daily Log'!$F$2:$F$31) -> 0 | F4: =IFERROR(AVERAGEIF('Daily Log'!$D$2:$D$31,$A4,'Daily Log'!$G$2:$G$31),"") | G4: =SUMIF('Daily Log'!$D$2:$D$31,$A4,'Daily Log'!$J$2:$J$31) -> 0 | H4: =SUMIF('Daily Log'!$D$2:$D$31,$A4,'Daily Log'!$L$2:$L$31) -> 0 | I4: =IF(D4=0,"Not tested yet",IF(H4>=2,"KEEPER",IF(H4>=1,"Watch","Retest / cut"))) -> Not tested yet
A5: V4 | B5: Value | C5: Most boat owners don't realize: a clean boat is a safe boat. No mold in storage. No corrosion eating the hull. | D5: =COUNTIF('Daily Log'!$D$2:$D$31,$A5) -> 1 | E5: =SUMIF('Daily Log'!$D$2:$D$31,$A5,'Daily Log'!$F$2:$F$31) -> 0 | F5: =IFERROR(AVERAGEIF('Daily Log'!$D$2:$D$31,$A5,'Daily Log'!$G$2:$G$31),"") | G5: =SUMIF('Daily Log'!$D$2:$D$31,$A5,'Daily Log'!$J$2:$J$31) -> 0 | H5: =SUMIF('Daily Log'!$D$2:$D$31,$A5,'Daily Log'!$L$2:$L$31) -> 0 | I5: =IF(D5=0,"Not tested yet",IF(H5>=2,"KEEPER",IF(H5>=1,"Watch","Retest / cut"))) -> Retest / cut
A6: V5 | B6: Value | C6: Before you sell or rent your boat, detail it. Buyers and renters pay more for a boat that looks maintained. Simple math. | D6: =COUNTIF('Daily Log'!$D$2:$D$31,$A6) -> 0 | E6: =SUMIF('Daily Log'!$D$2:$D$31,$A6,'Daily Log'!$F$2:$F$31) -> 0 | F6: =IFERROR(AVERAGEIF('Daily Log'!$D$2:$D$31,$A6,'Daily Log'!$G$2:$G$31),"") | G6: =SUMIF('Daily Log'!$D$2:$D$31,$A6,'Daily Log'!$J$2:$J$31) -> 0 | H6: =SUMIF('Daily Log'!$D$2:$D$31,$A6,'Daily Log'!$L$2:$L$31) -> 0 | I6: =IF(D6=0,"Not tested yet",IF(H6>=2,"KEEPER",IF(H6>=1,"Watch","Retest / cut"))) -> Not tested yet
A7: V6 | B7: Value | C7: Mold remediation costs $2K+. A $200 detail every few months prevents that entire bill. That's not cleaning — it's smart money. | D7: =COUNTIF('Daily Log'!$D$2:$D$31,$A7) -> 0 | E7: =SUMIF('Daily Log'!$D$2:$D$31,$A7,'Daily Log'!$F$2:$F$31) -> 0 | F7: =IFERROR(AVERAGEIF('Daily Log'!$D$2:$D$31,$A7,'Daily Log'!$G$2:$G$31),"") | G7: =SUMIF('Daily Log'!$D$2:$D$31,$A7,'Daily Log'!$J$2:$J$31) -> 0 | H7: =SUMIF('Daily Log'!$D$2:$D$31,$A7,'Daily Log'!$L$2:$L$31) -> 0 | I7: =IF(D7=0,"Not tested yet",IF(H7>=2,"KEEPER",IF(H7>=1,"Watch","Retest / cut"))) -> Not tested yet
A8: V7 | B8: Value | C8: A neglected boat won't pass inspection for insurance or rental. Maintenance isn't optional. | D8: =COUNTIF('Daily Log'!$D$2:$D$31,$A8) -> 1 | E8: =SUMIF('Daily Log'!$D$2:$D$31,$A8,'Daily Log'!$F$2:$F$31) -> 0 | F8: =IFERROR(AVERAGEIF('Daily Log'!$D$2:$D$31,$A8,'Daily Log'!$G$2:$G$31),"") | G8: =SUMIF('Daily Log'!$D$2:$D$31,$A8,'Daily Log'!$J$2:$J$31) -> 0 | H8: =SUMIF('Daily Log'!$D$2:$D$31,$A8,'Daily Log'!$L$2:$L$31) -> 0 | I8: =IF(D8=0,"Not tested yet",IF(H8>=2,"KEEPER",IF(H8>=1,"Watch","Retest / cut"))) -> Retest / cut
A9: V8 | B9: Value | C9: Salt and UV don't take breaks. Your boat's either getting maintained or getting expensive. | D9: =COUNTIF('Daily Log'!$D$2:$D$31,$A9) -> 0 | E9: =SUMIF('Daily Log'!$D$2:$D$31,$A9,'Daily Log'!$F$2:$F$31) -> 0 | F9: =IFERROR(AVERAGEIF('Daily Log'!$D$2:$D$31,$A9,'Daily Log'!$G$2:$G$31),"") | G9: =SUMIF('Daily Log'!$D$2:$D$31,$A9,'Daily Log'!$J$2:$J$31) -> 0 | H9: =SUMIF('Daily Log'!$D$2:$D$31,$A9,'Daily Log'!$L$2:$L$31) -> 0 | I9: =IF(D9=0,"Not tested yet",IF(H9>=2,"KEEPER",IF(H9>=1,"Watch","Retest / cut"))) -> Not tested yet
A10: V9 | B10: Value | C10: Buyers notice everything. A detailed boat sells 3x faster and for 15% more. That detail cost? You just made it back in negotiation. | D10: =COUNTIF('Daily Log'!$D$2:$D$31,$A10) -> 0 | E10: =SUMIF('Daily Log'!$D$2:$D$31,$A10,'Daily Log'!$F$2:$F$31) -> 0 | F10: =IFERROR(AVERAGEIF('Daily Log'!$D$2:$D$31,$A10,'Daily Log'!$G$2:$G$31),"") | G10: =SUMIF('Daily Log'!$D$2:$D$31,$A10,'Daily Log'!$J$2:$J$31) -> 0 | H10: =SUMIF('Daily Log'!$D$2:$D$31,$A10,'Daily Log'!$L$2:$L$31) -> 0 | I10: =IF(D10=0,"Not tested yet",IF(H10>=2,"KEEPER",IF(H10>=1,"Watch","Retest / cut"))) -> Not tested yet
A11: V10 | B11: Value | C11: Your boat's engine doesn't care how it looks. But buyers do. Neglect reads as 'I didn't maintain the mechanical either.' | D11: =COUNTIF('Daily Log'!$D$2:$D$31,$A11) -> 0 | E11: =SUMIF('Daily Log'!$D$2:$D$31,$A11,'Daily Log'!$F$2:$F$31) -> 0 | F11: =IFERROR(AVERAGEIF('Daily Log'!$D$2:$D$31,$A11,'Daily Log'!$G$2:$G$31),"") | G11: =SUMIF('Daily Log'!$D$2:$D$31,$A11,'Daily Log'!$J$2:$J$31) -> 0 | H11: =SUMIF('Daily Log'!$D$2:$D$31,$A11,'Daily Log'!$L$2:$L$31) -> 0 | I11: =IF(D11=0,"Not tested yet",IF(H11>=2,"KEEPER",IF(H11>=1,"Watch","Retest / cut"))) -> Not tested yet
A12: R1 | B12: Reynolds-style | C12: I restore boats better than I restore my life choices. | D12: =COUNTIF('Daily Log'!$D$2:$D$31,$A12) -> 0 | E12: =SUMIF('Daily Log'!$D$2:$D$31,$A12,'Daily Log'!$F$2:$F$31) -> 0 | F12: =IFERROR(AVERAGEIF('Daily Log'!$D$2:$D$31,$A12,'Daily Log'!$G$2:$G$31),"") | G12: =SUMIF('Daily Log'!$D$2:$D$31,$A12,'Daily Log'!$J$2:$J$31) -> 0 | H12: =SUMIF('Daily Log'!$D$2:$D$31,$A12,'Daily Log'!$L$2:$L$31) -> 0 | I12: =IF(D12=0,"Not tested yet",IF(H12>=2,"KEEPER",IF(H12>=1,"Watch","Retest / cut"))) -> Not tested yet
A13: R2 | B13: Reynolds-style | C13: Your boat's been judging you the whole time. | D13: =COUNTIF('Daily Log'!$D$2:$D$31,$A13) -> 0 | E13: =SUMIF('Daily Log'!$D$2:$D$31,$A13,'Daily Log'!$F$2:$F$31) -> 0 | F13: =IFERROR(AVERAGEIF('Daily Log'!$D$2:$D$31,$A13,'Daily Log'!$G$2:$G$31),"") | G13: =SUMIF('Daily Log'!$D$2:$D$31,$A13,'Daily Log'!$J$2:$J$31) -> 0 | H13: =SUMIF('Daily Log'!$D$2:$D$31,$A13,'Daily Log'!$L$2:$L$31) -> 0 | I13: =IF(D13=0,"Not tested yet",IF(H13>=2,"KEEPER",IF(H13>=1,"Watch","Retest / cut"))) -> Not tested yet
... A16: R5 | B16: Reynolds-style | C16: No boat? Rent ours. Have one? We make it stop looking sad. | D16: =COUNTIF('Daily Log'!$D$2:$D$31,$A16) -> 0 | E16: =SUMIF('Daily Log'!$D$2:$D$31,$A16,'Daily Log'!$F$2:$F$31) -> 0 | F16: =IFERROR(AVERAGEIF('Daily Log'!$D$2:$D$31,$A16,'Daily Log'!$G$2:$G$31),"") | G16: =SUMIF('Daily Log'!$D$2:$D$31,$A16,'Daily Log'!$J$2:$J$31) -> 0 | H16: =SUMIF('Daily Log'!$D$2:$D$31,$A16,'Daily Log'!$L$2:$L$31) -> 0 | I16: =IF(D16=0,"Not tested yet",IF(H16>=2,"KEEPER",IF(H16>=1,"Watch","Retest / cut"))) -> Not tested yet

Sheet Daily Log
A1: Day | B1: Date | C1: Format | D1: Hook ID | E1: Posting Time | F1: Views (24h) | G1: Watch Time % | H1: Drop-off Rate % | I1: Likes | J1: Saves | K1: Shares | L1: DMs | M1: Comments (Total) | N1: Comments - Buying Signal (#) | O1: DM Response Time (min, avg) | P1: Click-throughs to page/tag | Q1: Screenshot Taken (Y/N) | R1: Notes
A2: 1 | B2: 46239 | C2: A | D2: V1 | E2: 6 PM | R2: Brief notes the first video hit ~500 views by evening -- confirm if this IS Day 1's post, then log the final 24h number in F2.
A3: 2 | B3: =B2+1 -> 46240 | C3: B | D3: V4 | E3: 10 AM
A4: 3 | B4: =B3+1 -> 46241 | C4: C | D4: V7 | E4: 6 PM
A5: 4 | B5: =B4+1 -> 46242 | C5: A | D5: TBD | E5: 10 AM
A6: 5 | B6: =B5+1 -> 46243 | C6: B | D6: TBD | E6: 6 PM
A7: 6 | B7: =B6+1 -> 46244 | C7: C | D7: TBD | E7: 10 AM
A8: 7 | B8: =B7+1 -> 46245 | C8: =IFERROR(INDEX(C2:C7,MATCH(MAX(L2:L7),L2:L7,0)),"TBD - no DMs logged yet") -> TBD - no DMs logged yet | D8: =IFERROR(INDEX(D2:D7,MATCH(MAX(L2:L7),L2:L7,0)),"TBD - no DMs logged yet") -> TBD - no DMs logged yet | E8: =IFERROR(INDEX(E2:E7,MATCH(MAX(L2:L7),L2:L7,0)),"TBD - no DMs logged yet") -> TBD - no DMs logged yet
A9: 8 | B9: =B8+1 -> 46246
A10: 9 | B10: =B9+1 -> 46247
A11: 10 | B11: =B10+1 -> 46248
A12: 11 | B12: =B11+1 -> 46249
A13: 12 | B13: =B12+1 -> 46250
A14: 13 | B14: =B13+1 -> 46251
A15: 14 | B15: =B14+1 -> 46252
A16: 15 | B16: =B15+1 -> 46253
A17: 16 | B17: =B16+1 -> 46254
A18: 17 | B18: =B17+1 -> 46255
A19: 18 | B19: =B18+1 -> 46256
A20: 19 | B20: =B19+1 -> 46257
... A31: 30 | B31: =B30+1 -> 46268

Sheet Format Comparison
A1: Code | B1: Format | C1: Avg Views | D1: Avg Watch Time % | E1: Avg Saves | F1: Total DMs | G1: Winner
A2: A | B2: Long-form (60s) | C2: =IFERROR(AVERAGEIF('Daily Log'!$C$2:$C$31,$A2,'Daily Log'!$F$2:$F$31),"") | D2: =IFERROR(AVERAGEIF('Daily Log'!$C$2:$C$31,$A2,'Daily Log'!$G$2:$G$31),"") | E2: =IFERROR(AVERAGEIF('Daily Log'!$C$2:$C$31,$A2,'Daily Log'!$J$2:$J$31),"") | F2: =SUMIF('Daily Log'!$C$2:$C$31,$A2,'Daily Log'!$L$2:$L$31) -> 0 | G2: =IF(SUM($F$2:$F$4)=0,"",IF(F2=MAX($F$2:$F$4),"Winner (most DMs)",""))
A3: B | B3: Short-form (10-15s) | C3: =IFERROR(AVERAGEIF('Daily Log'!$C$2:$C$31,$A3,'Daily Log'!$F$2:$F$31),"") | D3: =IFERROR(AVERAGEIF('Daily Log'!$C$2:$C$31,$A3,'Daily Log'!$G$2:$G$31),"") | E3: =IFERROR(AVERAGEIF('Daily Log'!$C$2:$C$31,$A3,'Daily Log'!$J$2:$J$31),"") | F3: =SUMIF('Daily Log'!$C$2:$C$31,$A3,'Daily Log'!$L$2:$L$31) -> 0 | G3: =IF(SUM($F$2:$F$4)=0,"",IF(F3=MAX($F$2:$F$4),"Winner (most DMs)",""))
A4: C | B4: Carousel | C4: =IFERROR(AVERAGEIF('Daily Log'!$C$2:$C$31,$A4,'Daily Log'!$F$2:$F$31),"") | D4: =IFERROR(AVERAGEIF('Daily Log'!$C$2:$C$31,$A4,'Daily Log'!$G$2:$G$31),"") | E4: =IFERROR(AVERAGEIF('Daily Log'!$C$2:$C$31,$A4,'Daily Log'!$J$2:$J$31),"") | F4: =SUMIF('Daily Log'!$C$2:$C$31,$A4,'Daily Log'!$L$2:$L$31) -> 0 | G4: =IF(SUM($F$2:$F$4)=0,"",IF(F4=MAX($F$2:$F$4),"Winner (most DMs)",""))
A6: Winner is determined by Total DMs (closest proxy to the brief's goal: inbound leads/walk-ins). Views and Watch Time still matter for reach and hook quality -- check both before deciding.

Sheet Boss Presentation Summary
A1: 7-Day Test -- Endgame Presentation
A2: All figures below pull live from 'Daily Log' rows 2-8 (Day 1-7). Nothing here is typed in by hand except the one manual tag noted below.
A4: Total Views (7-day test) | B4: =SUM('Daily Log'!F2:F8) -> 0
A5: Total Engagement (Likes+Saves+Shares+Comments) | B5: =SUM('Daily Log'!I2:I8)+SUM('Daily Log'!J2:J8)+SUM('Daily Log'!K2:K8)+SUM('Daily Log'!M2:M8) -> 0
A6: Engagement Rate (%) | B6: =IFERROR(B5/B4*100,"")
A7: Total DMs Received (7-day) | B7: =SUM('Daily Log'!L2:L8) -> 0
A8: Booking-intent DMs (manual tag -- review DM content and enter count)
A9: Avg Watch Time % (7-day) | B9: =IFERROR(AVERAGE('Daily Log'!G2:G8),"")
A10: Winning Format | B10: =IFERROR(INDEX('Format Comparison'!B2:B4,MATCH("Winner (most DMs)",'Format Comparison'!G2:G4,0)),"TBD -- need more data") -> TBD -- need more data
A11: Winning Hook (by DMs) | B11: =IF(SUM('Hook Bank'!H2:H16)=0,"TBD -- need more data",INDEX('Hook Bank'!A2:A16,MATCH(MAX('Hook Bank'!H2:H16),'Hook Bank'!H2:H16,0))) -> TBD -- need more data
A12: Winning Hook Text | B12: =IF(SUM('Hook Bank'!H2:H16)=0,"TBD",INDEX('Hook Bank'!C2:C16,MATCH(MAX('Hook Bank'!H2:H16),'Hook Bank'!H2:H16,0))) -> TBD
A13: Growth Trajectory Day1->Day7 Views (% change) | B13: =IFERROR(('Daily Log'!F8-'Daily Log'!F2)/'Daily Log'!F2*100,"")
A15: Auto-generated pitch line
A16: ="Here's what I built in 7 days solo. Hooks are performing at "&IF(B9="","[pending]",TEXT(B9,"0.0")&"%")&" watch time. Format "&B10&" is our DM driver. We're getting inbound -- "&B7&" DMs so far. Let's make this official and scale it." -> Here's what I built in 7 days solo. Hooks are performing at [pending] watch time. Format TBD -- need more data is our DM driver. We're getting inbound -- 0 DMs so far. Let's make this official and scale it.
